Time,Symbol,Action,Price,Shares,Profit
2026-09-27 19:55:05,SOL-USD,BUY,₹122.47,16.330529762923746,-
2026-09-27 19:55:06,BNB-USD,BUY,₹778.77,2.5681522783887103,-
2026-09-27 19:55:18,ETH-USD,BUY,₹2696.27,0.7417654706362468,-
2026-09-27 19:55:30,BTC-USD,BUY,₹84811.62,0.02358167508560102,-
2026-09-27 19:55:43,BTC-USD,SELL,₹84833.76,0.023581675085601,₹0.5220
2026-09-27 19:55:56,SOL-USD,SELL,₹122.54,16.330529762923746,₹1.1432
2026-09-27 19:55:56,BNB-USD,SELL,₹779.11,2.5681522783887103,₹0.8731
2026-09-27 19:56:32,SOL-USD,BUY,₹122.51,16.325197658359443,-
2026-09-27 19:57:07,BTC-USD,BUY,₹84769.17,0.023593482816479383,-
2026-09-27 19:57:08,BNB-USD,BUY,₹778.19,2.5700664281543375,-
2026-09-27 19:57:21,BNB-USD,SELL,₹778.49,2.570066428154337,₹0.7710
2026-09-27 19:57:45,BNB-USD,BUY,₹777.58,2.5720825587637424,-
2026-09-27 19:58:33,BNB-USD,SELL,₹778.15,2.5720825587637424,₹1.4661
2026-09-27 19:59:29,BNB-USD,BUY,₹776.90,7.723001430621908,-
2026-09-27 20:00:42,BNB-USD,SELL,₹777.92,7.723001430621908,₹7.8773
2026-09-27 20:01:30,SOL-USD,SELL,₹122.10,16.325197658359443,₹-6.6934
2026-09-27 20:01:42,BTC-USD,SELL,₹84762.97,0.0235934828164793,₹-0.1463
2026-09-27 20:03:07,SOL-USD,BUY,₹122.05,16.386726341595082,-
2026-09-27 20:03:19,SOL-USD,SELL,₹122.14,16.386726341595082,₹1.4748
2026-09-27 20:03:31,SOL-USD,BUY,₹122.03,27.31568767252051,-
2026-09-27 20:04:06,SOL-USD,SELL,₹122.07,27.31568767252051,₹1.0926
2026-09-27 20:04:18,SOL-USD,BUY,₹122.04,40.970173406183925,-
2026-09-27 20:04:30,SOL-USD,SELL,₹122.08,40.970173406183925,₹1.6389
2026-09-27 20:04:42,SOL-USD,BUY,₹122.00,49.18032786885246,-
2026-09-27 20:05:31,BTC-USD,BUY,₹84728.79,0.02360472776879538,-
2026-09-27 20:06:07,BTC-USD,SELL,₹84731.45,0.0236047277687953,₹0.0629
2026-09-27 20:06:19,ETH-USD,SELL,₹2692.52,0.7417654706362468,₹-2.7816
2026-09-27 20:06:20,SOL-USD,SELL,₹122.01,49.18032786885246,₹0.4919
2026-09-27 20:06:31,ETH-USD,BUY,₹2692.03,0.7429337630837556,-
2026-09-27 20:06:32,SOL-USD,BUY,₹121.94,49.204525831324936,-
2026-09-27 20:06:43,BTC-USD,BUY,₹84712.33,0.03934885756432907,-
2026-09-27 20:09:19,BTC-USD,SELL,₹84722.87,0.039348857564329,₹0.4146
2026-09-27 20:10:16,BTC-USD,BUY,₹84706.86,0.059027096942230364,-
2026-09-27 20:11:17,BTC-USD,SELL,₹84692.49,0.0590270969422303,₹-0.8481
2026-09-27 20:12:06,SOL-USD,SELL,₹121.73,49.204525831324936,₹-10.3328
2026-09-27 20:12:55,SOL-USD,BUY,₹121.78,35.1922674386073,-
2026-09-27 20:13:06,ETH-USD,SELL,₹2689.73,0.7429337630837556,₹-1.7088
2026-09-27 20:13:07,SOL-USD,SELL,₹121.79,35.1922674386073,₹0.3520
2026-09-27 20:16:35,BTC-USD,BUY,₹84659.53,0.023624038197116753,-
2026-09-27 20:16:50,BTC-USD,SELL,₹84667.32,0.0236240381971167,₹0.1840
2026-09-27 20:17:15,BTC-USD,BUY,₹84659.97,0.03937319352404477,-
2026-09-27 20:17:38,BTC-USD,SELL,₹84668.98,0.0393731935240447,₹0.3546
2026-09-27 20:17:50,BTC-USD,BUY,₹84644.54,0.050631905296924025,-
2026-09-27 20:17:51,SOL-USD,BUY,₹121.70,41.084635376995536,-
2026-09-27 20:18:03,ETH-USD,BUY,₹2688.15,0.7440061278785962,-
2026-09-27 20:18:15,SOL-USD,SELL,₹121.71,41.084635376995536,₹0.4108
2026-09-27 20:18:28,SOL-USD,BUY,₹121.55,45.70592691132979,-
2026-09-27 20:18:41,BNB-USD,BUY,₹776.56,7.726383046851808,-
2026-09-27 20:19:17,BNB-USD,SELL,₹777.34,7.726383046851808,₹6.0268
2026-09-27 20:19:54,SOL-USD,SELL,₹121.77,45.70592691132979,₹10.0552
2026-09-27 20:20:05,ETH-USD,SELL,₹2687.27,0.7440061278785962,₹-0.6547
2026-09-27 20:21:53,ETH-USD,BUY,₹2686.49,0.18611645746589175,-
2026-09-27 20:22:17,ETH-USD,SELL,₹2687.74,0.1861164574658917,₹0.2326
2026-09-27 20:22:30,BNB-USD,BUY,₹777.97,7.7123799451760755,-
2026-09-27 20:22:52,BTC-USD,SELL,₹84583.07,0.050631905296924,₹-3.1123
2026-09-27 20:23:42,BNB-USD,SELL,₹777.95,7.7123799451760755,₹-0.1542
2026-09-27 20:29:07,BTC-USD,BUY,₹84544.23,0.029570321968134097,-
2026-09-27 20:32:23,ETH-USD,BUY,₹2684.06,0.18628495230541273,-
2026-09-27 20:32:23,SOL-USD,BUY,₹121.47,49.39491182764038,-
2026-09-27 20:32:24,BNB-USD,BUY,₹775.24,7.7395388209863185,-
2026-09-27 20:32:34,BTC-USD,SELL,₹84490.55,0.029570321968134,₹-1.5874
2026-09-27 20:32:35,ETH-USD,SELL,₹2685.27,0.1862849523054127,₹0.2254
2026-09-27 20:32:35,SOL-USD,SELL,₹121.56,49.39491182764038,₹4.4454
2026-09-27 20:33:11,BTC-USD,BUY,₹84524.71,0.013145399715506854,-
2026-09-27 20:33:12,BNB-USD,SELL,₹775.95,7.7395388209863185,₹5.4952
2026-09-27 20:33:46,BTC-USD,SELL,₹84499.00,0.0131453997155068,₹-0.3380
2026-09-27 20:33:48,BNB-USD,BUY,₹775.20,7.739937958614984,-
2026-09-27 20:34:10,BTC-USD,BUY,₹84522.73,0.005915568750971101,-
2026-09-27 20:34:11,SOL-USD,BUY,₹121.57,49.35428160781222,-
2026-09-27 20:34:22,BTC-USD,SELL,₹84473.84,0.0059155687509711,₹-0.2892
2026-09-27 20:34:23,SOL-USD,SELL,₹121.47,49.35428160781222,₹-4.9354
2026-09-27 20:34:34,BTC-USD,BUY,₹84519.00,0.005915829576781552,-
2026-09-27 20:34:46,BTC-USD,SELL,₹84483.06,0.0059158295767815,₹-0.2126
2026-09-27 20:34:47,SOL-USD,BUY,₹121.42,41.17937798881315,-
2026-09-27 20:34:59,ETH-USD,BUY,₹2683.32,0.1863363248744709,-
2026-09-27 20:35:10,BTC-USD,BUY,₹84413.19,0.005923245109065453,-
2026-09-27 20:35:23,SOL-USD,SELL,₹121.45,41.17937798881315,₹1.2353
2026-09-27 20:35:35,ETH-USD,SELL,₹2683.93,0.1863363248744709,₹0.1137
2026-09-27 20:35:47,ETH-USD,BUY,₹2682.21,0.18641344536101767,-
2026-09-27 20:35:48,SOL-USD,BUY,₹121.29,44.39455308740175,-
2026-09-27 20:35:59,ETH-USD,SELL,₹2683.61,0.1864134453610176,₹0.2610
2026-09-27 20:36:00,SOL-USD,SELL,₹121.47,44.39455308740175,₹7.9911
2026-09-27 20:36:35,BTC-USD,SELL,₹84454.99,0.0059232451090654,₹0.2476
2026-09-27 20:36:35,ETH-USD,BUY,₹2685.66,0.5319256627133393,-
2026-09-27 20:37:11,BTC-USD,BUY,₹84511.67,0.005916342546619393,-
2026-09-27 20:37:11,ETH-USD,SELL,₹2687.53,0.5319256627133393,₹0.9947
2026-09-27 20:37:12,BNB-USD,SELL,₹775.26,7.739937958614984,₹0.4645
2026-09-27 20:37:23,BTC-USD,SELL,₹84465.50,0.0059163425466193,₹-0.2732
2026-09-27 20:37:46,BTC-USD,BUY,₹84491.99,0.00591772056800871,-
2026-09-27 20:37:59,BTC-USD,SELL,₹84482.13,0.0059177205680087,₹-0.0583
2026-09-27 20:38:11,BTC-USD,BUY,₹84490.73,0.0059178092122351075,-
2026-09-27 20:39:12,BTC-USD,SELL,₹84478.94,0.0059178092122351,₹-0.0698
2026-09-27 20:41:37,BNB-USD,BUY,₹775.42,7.737742297383105,-
2026-09-27 20:42:26,BNB-USD,SELL,₹775.42,7.737742297383105,₹-0.0001
2026-09-27 20:57:14,BNB-USD,BUY,₹774.42,7.173827739669883,-
2026-09-27 20:58:24,BNB-USD,SELL,₹774.95,7.173827739669883,₹3.8022
2026-09-27 21:00:20,BNB-USD,BUY,₹775.47,7.737243512549881,-
2026-09-27 21:00:32,BNB-USD,SELL,₹775.21,7.737243512549881,₹-2.0115
2026-09-27 21:03:53,BNB-USD,BUY,₹775.09,5.864421406498291,-
2026-09-27 21:04:30,BNB-USD,SELL,₹775.03,5.864421406498291,₹-0.3517
2026-09-27 21:09:38,BNB-USD,BUY,₹774.74,4.302518748677127,-
2026-09-27 21:10:02,BNB-USD,SELL,₹774.34,4.302518748677127,₹-1.7209
2026-09-27 21:14:47,BNB-USD,BUY,₹773.83,2.9821695420538066,-
2026-09-27 21:15:53,BNB-USD,SELL,₹773.83,2.9821695420538066,₹0.0001
2026-09-27 21:17:48,BNB-USD,BUY,₹774.42,3.6893971232587983,-
2026-09-27 21:18:12,BTC-USD,BUY,₹84486.57,0.005918100334178481,-
2026-09-27 21:18:26,BNB-USD,SELL,₹774.42,3.6893971232587983,₹-0.0001
2026-09-27 21:19:16,BTC-USD,SELL,₹84482.45,0.0059181003341784,₹-0.0244
2026-09-27 21:28:48,BTC-USD,BUY,₹84455.00,0.005920312592504884,-
2026-09-27 21:31:15,ETH-USD,BUY,₹2690.39,0.9292333452845083,-
2026-09-27 21:32:24,ETH-USD,SELL,₹2689.53,0.9292333452845084,₹-0.7991
2026-09-27 21:34:43,BTC-USD,SELL,₹84522.84,0.0059203125925048,₹0.4017
2026-09-27 21:34:57,ETH-USD,BUY,₹2691.77,0.41278084793611103,-
2026-09-27 21:35:12,ETH-USD,SELL,₹2691.74,0.412780847936111,₹-0.0124
2026-09-27 21:41:09,SOL-USD,BUY,₹122.03,46.82689315289231,-
2026-09-27 21:45:19,SOL-USD,SELL,₹122.05,46.82689315289231,₹0.9367
2026-09-27 21:46:59,SOL-USD,BUY,₹122.02,49.172268194296336,-
2026-09-27 21:47:26,BTC-USD,BUY,₹84505.97,0.005916741827777698,-
2026-09-27 21:47:28,BNB-USD,BUY,₹774.30,2.582978214555722,-
2026-09-27 21:48:08,BNB-USD,SELL,₹774.30,2.582978214555722,₹-0.0000
2026-09-27 21:48:09,ETH-USD,BUY,₹2691.09,0.18579831357185012,-
2026-09-27 21:51:28,BTC-USD,SELL,₹84638.39,0.0059167418277776,₹0.7835
2026-09-27 21:52:28,ETH-USD,SELL,₹2694.78,0.1857983135718501,₹0.6856
2026-09-27 21:53:03,ETH-USD,BUY,₹2693.65,0.33749408499594047,-
2026-09-27 21:53:22,SOL-USD,SELL,₹122.13,49.172268194296336,₹5.4088
2026-09-27 21:54:01,ETH-USD,SELL,₹2692.19,0.3374940849959404,₹-0.4928
2026-09-27 22:00:18,ETH-USD,BUY,₹2688.92,0.1859482671582674,-
2026-09-27 22:00:20,SOL-USD,BUY,₹121.86,49.23682890159383,-
2026-09-27 22:00:52,BTC-USD,BUY,₹84489.25,0.005917912633855786,-
2026-09-27 22:00:53,BNB-USD,BUY,₹773.91,1.6151749471854353,-
2026-09-27 22:01:41,ETH-USD,SELL,₹2689.06,0.1859482671582674,₹0.0260
2026-09-27 22:01:44,SOL-USD,SELL,₹121.94,49.23682890159383,₹3.9391
2026-09-27 22:01:45,BNB-USD,SELL,₹773.95,1.6151749471854353,₹0.0646
2026-09-27 22:02:20,ETH-USD,BUY,₹2687.41,0.2862349974094543,-
2026-09-27 22:03:04,BTC-USD,SELL,₹84522.36,0.0059179126338557,₹0.1959
2026-09-27 22:03:08,ETH-USD,SELL,₹2689.56,0.2862349974094543,₹0.6154
2026-09-27 22:03:41,BTC-USD,BUY,₹84511.02,0.005916387941624849,-
2026-09-27 22:05:48,ETH-USD,BUY,₹2686.43,0.531773195252849,-
2026-09-27 22:05:49,SOL-USD,BUY,₹121.76,49.27726588972079,-
2026-09-27 22:05:51,BNB-USD,BUY,₹773.26,2.282163644913984,-
2026-09-27 22:06:17,SOL-USD,SELL,₹121.72,49.27726588972079,₹-1.9710
2026-09-27 22:06:34,BNB-USD,SELL,₹773.68,2.282163644913984,₹0.9585
2026-09-27 22:07:28,ETH-USD,SELL,₹2687.81,0.531773195252849,₹0.7339
2026-09-27 22:07:41,ETH-USD,BUY,₹2686.68,0.7444131980316303,-
2026-09-27 22:09:50,ETH-USD,SELL,₹2687.35,0.7444131980316303,₹0.4988
2026-09-27 22:10:02,ETH-USD,BUY,₹2687.01,0.9304021908790965,-
2026-09-27 22:16:13,SOL-USD,BUY,₹121.94,45.559746140115685,-
2026-09-27 22:16:26,SOL-USD,SELL,₹121.92,45.559746140115685,₹-0.9113
2026-09-27 22:16:51,SOL-USD,BUY,₹121.94,38.845678287888106,-
2026-09-27 22:17:54,SOL-USD,SELL,₹121.95,38.845678287888106,₹0.3883
2026-09-27 22:30:14,SOL-USD,BUY,₹121.81,41.04753386596918,-
2026-09-27 22:31:16,SOL-USD,SELL,₹121.87,41.04753386596918,₹2.4630
2026-09-27 22:32:30,ETH-USD,SELL,₹2687.63,0.9304021908790964,₹0.5767
2026-09-27 22:37:02,ETH-USD,BUY,₹2687.02,1.0945867351972032,-
2026-09-27 22:37:03,SOL-USD,BUY,₹121.80,43.00570695280982,-
2026-09-27 22:37:39,SOL-USD,SELL,₹121.82,43.00570695280982,₹0.8601
2026-09-27 22:38:03,ETH-USD,SELL,₹2687.35,1.0945867351972032,₹0.3613
2026-09-27 22:38:17,ETH-USD,BUY,₹2686.73,1.2406655516427336,-
2026-09-27 22:38:30,ETH-USD,SELL,₹2687.65,1.2406655516427336,₹1.1413
2026-09-27 22:38:42,ETH-USD,BUY,₹2687.15,1.3710476379089969,-
2026-09-27 22:40:21,ETH-USD,SELL,₹2687.40,1.3710476379089969,₹0.3426
2026-09-27 22:41:10,ETH-USD,BUY,₹2687.27,1.4884994700672964,-
2026-09-27 22:41:35,ETH-USD,SELL,₹2687.49,1.4884994700672964,₹0.3275
2026-09-27 22:41:48,ETH-USD,BUY,₹2687.02,1.5949692427159243,-
2026-09-27 22:43:03,ETH-USD,SELL,₹2687.62,1.5949692427159243,₹0.9572
2026-09-27 22:43:40,ETH-USD,BUY,₹2687.06,1.6916088387817318,-
2026-09-27 22:44:07,ETH-USD,SELL,₹2687.48,1.6916088387817318,₹0.7104
2026-09-27 22:54:22,ETH-USD,BUY,₹2687.02,1.7798932128858862,-
2026-09-27 22:55:51,BNB-USD,BUY,₹776.41,2.8621762974295915,-
2026-09-27 22:57:05,BNB-USD,SELL,₹775.97,2.8621762974295915,₹-1.2594
2026-09-27 22:57:41,SOL-USD,BUY,₹121.94,44.731387119386305,-
2026-09-27 23:05:17,BTC-USD,SELL,₹84486.48,0.0059163879416248,₹-0.1452
2026-09-27 23:08:37,BTC-USD,BUY,₹84458.88,0.005920040419075961,-
2026-09-27 23:10:17,ETH-USD,SELL,₹2687.31,1.7798932128858862,₹0.5163
2026-09-27 23:10:31,ETH-USD,BUY,₹2687.03,1.8607905179639426,-
2026-09-27 23:13:27,ETH-USD,SELL,₹2687.23,1.8607905179639423,₹0.3721
2026-09-27 23:13:43,ETH-USD,BUY,₹2686.96,1.9352726038335466,-
2026-09-27 23:14:27,ETH-USD,SELL,₹2687.34,1.9352726038335464,₹0.7356
2026-09-27 23:15:29,ETH-USD,BUY,₹2687.77,2.0033765335154934,-
2026-09-27 23:16:57,SOL-USD,SELL,₹122.06,44.73138711938631,₹5.3677
2026-09-27 23:17:10,SOL-USD,BUY,₹122.09,46.29514360374608,-
2026-09-27 23:17:22,SOL-USD,SELL,₹122.06,46.29514360374608,₹-1.3890
2026-09-27 23:17:47,SOL-USD,BUY,₹122.08,40.95674905804352,-
2026-09-27 23:17:59,SOL-USD,SELL,₹122.06,40.95674905804352,₹-0.8192
2026-09-27 23:19:00,BTC-USD,SELL,₹84528.51,0.0059200404190759,₹0.4122
2026-09-27 23:19:12,BTC-USD,BUY,₹84532.80,0.005914864034835592,-
2026-09-27 23:19:13,SOL-USD,BUY,₹122.08,36.04193917107829,-
2026-09-27 23:19:25,ETH-USD,SELL,₹2690.23,2.0033765335154934,₹4.9283
2026-09-27 23:19:58,ETH-USD,BUY,₹2690.92,2.0645562546820466,-
2026-09-27 23:20:14,ETH-USD,SELL,₹2690.72,2.0645562546820466,₹-0.4130
2026-09-27 23:24:18,SOL-USD,SELL,₹122.06,36.04193917107829,₹-0.7209
2026-09-27 23:27:37,SOL-USD,BUY,₹122.09,31.502612511424836,-
2026-09-27 23:29:03,ETH-USD,BUY,₹2690.88,1.8581282769017597,-
2026-09-27 23:29:16,SOL-USD,SELL,₹122.07,31.50261251142484,₹-0.6301
2026-09-27 23:29:52,ETH-USD,SELL,₹2690.61,1.85812827690176,₹-0.5015
2026-09-27 23:32:08,BNB-USD,BUY,₹777.69,2.0303043159411276,-
2026-09-27 23:33:21,BNB-USD,SELL,₹777.43,2.030304315941128,₹-0.5279
2026-09-27 23:33:45,SOL-USD,BUY,₹121.92,27.34033286905329,-
2026-09-27 23:34:22,SOL-USD,SELL,₹121.93,27.34033286905329,₹0.2734
2026-09-27 23:34:34,SOL-USD,BUY,₹121.92,29.293213788271395,-
2026-09-27 23:34:47,SOL-USD,SELL,₹121.93,29.293213788271395,₹0.2929
2026-09-27 23:35:37,BNB-USD,BUY,₹777.81,1.2856610266502382,-
2026-09-27 23:35:49,BNB-USD,SELL,₹777.65,1.2856610266502382,₹-0.2057
2026-09-27 23:39:41,SOL-USD,BUY,₹122.07,31.073183073307494,-
2026-09-27 23:40:06,ETH-USD,BUY,₹2689.76,1.6666017058824012,-
2026-09-27 23:40:45,ETH-USD,SELL,₹2690.28,1.6666017058824012,₹0.8667
2026-09-27 23:41:55,ETH-USD,BUY,₹2691.32,1.7339694083697224,-
2026-09-27 23:45:32,BNB-USD,BUY,₹778.06,0.6426239641787345,-
2026-09-27 23:46:20,BNB-USD,SELL,₹778.07,0.6426239641787345,₹0.0064
2026-09-27 23:53:41,BNB-USD,BUY,₹778.66,1.167506922719613,-
2026-09-27 23:54:06,BNB-USD,SELL,₹778.20,1.167506922719613,₹-0.5370
2026-09-27 23:54:31,BNB-USD,BUY,₹778.34,0.6423927624794322,-
2026-09-27 23:55:40,BNB-USD,SELL,₹778.34,0.6423927624794322,₹0.0000
2026-09-28 00:00:14,RELIANCE.NS,BUY,1226.00,1.6313213703099512,0.0
2026-09-28 00:00:15,AAPL,BUY,341.04,5.8644145844740665,0.0
2026-09-28 00:00:16,NVDA,BUY,225.08,8.885729446106911,0.0
2026-09-28 00:00:17,AMZN,BUY,249.74,8.008328485660838,0.0
2026-09-28 00:00:17,EURUSD=X,BUY,1.14,1755.6000167427064,0.0
2026-09-28 00:00:18,GBPUSD=X,BUY,1.32,1509.8400671855331,0.0
2026-09-28 00:00:18,JPY=X,BUY,157.18,12.723860616878918,0.0
2026-09-28 00:00:19,GC=F,BUY,4321.20,0.4628343769329494,0.0
2026-09-28 00:13:17,BNB-USD,BUY,778.90,0.6419309081112577,0.0
2026-09-28 00:13:34,BNB-USD,SELL,778.71,0.6419309081112577,-0.1220
2026-09-28 00:13:36,NVDA,SELL,225.08,8.885729446106911,0.0000
2026-09-28 00:13:54,NVDA,BUY,225.08,8.885729446106911,0.0
2026-09-28 00:14:21,BNB-USD,BUY,778.95,0.6418897132863883,0.0
2026-09-28 00:14:39,BNB-USD,SELL,778.96,0.6418897132863883,0.0064
2026-09-28 00:21:33,BTC-USD,SELL,84713.37,0.0059148640348355,1.0680
2026-09-28 00:24:35,BTC-USD,BUY,84737.94,0.005900544841559307,0.0
2026-09-28 00:25:48,BTC-USD,SELL,84729.19,0.0059005448415593,-0.0516
2026-09-28 00:26:48,BTC-USD,BUY,84754.56,0.005899387422358531,0.0
